age_range,average_charge
Below 20,8407.34924189051
50 and above,17902.55207036364
20-29,9561.75101803571
30-39,11738.784117354091
40-49,14399.203563870966
