bmi_category,average_charge
Normal weight,10409.337708977779
Underweight,8852.200585000002
Overweight,10987.509891318654
Obese,15552.335468868452
