bmi_category,stddev_charge
Normal weight,7505.5813138673275
Underweight,7735.038364002644
Overweight,8039.455318076185
Obese,14552.321381599628
