children,number_of_cases,average_charge
2,240,15073.563733958328
5,18,8786.035247222222
4,25,13850.656311199999
0,574,12365.975601635882
1,324,12731.171831635793
3,157,15355.31836681528
