sex,average_charge
male,13956.751177721886
female,12569.57884383534
