sex,smoker,average_charge
female,no,8762.297299541116
male,no,8087.204731276592
male,yes,33042.00597528302
female,yes,30678.996276260867
