region,smoker,average_charge
northwest,no,8556.463715205993
northeast,no,9165.531671708171
northeast,yes,29673.536472835818
northwest,yes,30192.00318241379
southeast,no,8032.216308937727
southeast,yes,34844.99682362637
southwest,no,8019.284513071162
southwest,yes,32269.0634936207
