region,average_charge,max_charge,min_charge
northwest,12417.575373969228,60021.39897,1621.3402
southwest,12346.93737729231,52590.82939,1241.565
southeast,14735.411437609895,63770.42801,1121.8739
northeast,13406.3845163858,58571.07448,1694.7964
