smoker,average_charge
no,8434.268297856199
yes,32050.23183153285
